{
  "propiedades": [
    {
      "id": 1,
      "nombre": "Condominios Bosque Alto",
      "ubicacion": "San Rafael, Heredia, Costa Rica",
      "provincia": "heredia",
      "precio": 125000,
      "habitaciones": 3,
      "banos": 2,
      "area": 180,
      "imagen": "img/casa1.jpg",
      "tipo": "casa",
      "nuevo": true,
      "descripcion": "Hermosa casa con amplios espacios verdes y excelente ubicación en Heredia. Perfecta para familias que buscan tranquilidad y cercanía a la ciudad.",
      "amenidades": ["Piscina", "Gimnasio", "Seguridad 24/7", "Parque infantil", "Áreas verdes"]
    },
    {
      "id": 2,
      "nombre": "Condominios Cipreses",
      "ubicacion": "Playa Tamarindo, Guanacaste, Costa Rica",
      "provincia": "guanacaste",
      "precio": 630000,
      "habitaciones": 4,
      "banos": 3,
      "area": 280,
      "imagen": "img/casa2.jpg",
      "tipo": "casa",
      "nuevo": false,
      "descripcion": "Exclusivo condominio frente al mar con acabados de lujo. Vista panorámica al océano y acceso directo a la playa.",
      "amenidades": ["Piscina infinity", "Acceso a playa", "Seguridad 24/7", "Club house", "Cancha de tenis"]
    },
    {
      "id": 3,
      "nombre": "Condominios MonteVerde",
      "ubicacion": "Jacó, Puntarenas, Costa Rica",
      "provincia": "puntarenas",
      "precio": 345000,
      "habitaciones": 3,
      "banos": 2,
      "area": 200,
      "imagen": "img/casa3.jpg",
      "tipo": "casa",
      "nuevo": true,
      "descripcion": "Condominio moderno cerca de la playa con diseño contemporáneo. Ideal para vivir o como inversión turística.",
      "amenidades": ["Piscina", "Gimnasio", "BBQ área", "Seguridad 24/7", "Estacionamiento techado"]
    },
    {
      "id": 4,
      "nombre": "Condominios Linda Vista",
      "ubicacion": "Playa Avellanas, Guanacaste, Costa Rica",
      "provincia": "guanacaste",
      "precio": 575000,
      "habitaciones": 4,
      "banos": 3,
      "area": 260,
      "imagen": "img/casa4.avif",
      "tipo": "casa",
      "nuevo": false,
      "descripcion": "Espectacular residencia con vista al océano. Diseño tropical moderno con espacios abiertos y terrazas amplias.",
      "amenidades": ["Piscina privada", "Terraza", "Seguridad 24/7", "Jardín", "Vista al mar"]
    },
    {
      "id": 5,
      "nombre": "Condominios Valle Verde",
      "ubicacion": "Santa Ana, San José, Costa Rica",
      "provincia": "sanjose",
      "precio": 285000,
      "habitaciones": 3,
      "banos": 2,
      "area": 190,
      "imagen": "https://images.unsplash.com/photo-1600585154363-67eb9e2e2099?w=600&h=400&fit=crop",
      "tipo": "casa",
      "nuevo": true,
      "descripcion": "Casa moderna en exclusivo residencial de Santa Ana. Cerca de centros comerciales y principales vías de acceso.",
      "amenidades": ["Piscina", "Salón de eventos", "Seguridad 24/7", "Gimnasio", "Cancha multiuso"]
    },
    {
      "id": 6,
      "nombre": "Condominios Sol Dorado",
      "ubicacion": "Escazú, San José, Costa Rica",
      "provincia": "sanjose",
      "precio": 425000,
      "habitaciones": 4,
      "banos": 3,
      "area": 240,
      "imagen": "https://images.unsplash.com/photo-1600607687920-4e2a09cf159d?w=600&h=400&fit=crop",
      "tipo": "casa",
      "nuevo": false,
      "descripcion": "Elegante residencia en zona premium de Escazú. Acabados de primera calidad y ubicación privilegiada.",
      "amenidades": ["Piscina climatizada", "Spa", "Seguridad 24/7", "Cava de vinos", "Home theater"]
    },
    {
      "id": 7,
      "nombre": "Condominios Río Celeste",
      "ubicacion": "Liberia, Guanacaste, Costa Rica",
      "provincia": "guanacaste",
      "precio": 195000,
      "habitaciones": 2,
      "banos": 2,
      "area": 140,
      "imagen": "https://images.unsplash.com/photo-1600585154340-be6161a56a0c?w=600&h=400&fit=crop",
      "tipo": "casa",
      "nuevo": true,
      "descripcion": "Condominio acogedor perfecto para parejas o pequeñas familias. Excelente clima y comunidad tranquila.",
      "amenidades": ["Piscina", "Rancho BBQ", "Seguridad 24/7", "Parque para mascotas", "Juegos infantiles"]
    },
    {
      "id": 8,
      "nombre": "Condominios Paraíso Azul",
      "ubicacion": "Quepos, Puntarenas, Costa Rica",
      "provincia": "puntarenas",
      "precio": 380000,
      "habitaciones": 3,
      "banos": 2,
      "area": 210,
      "imagen": "https://images.unsplash.com/photo-1600566753086-00f18fb6b3ea?w=600&h=400&fit=crop",
      "tipo": "casa",
      "nuevo": false,
      "descripcion": "Casa con vista panorámica al Parque Nacional Manuel Antonio. Perfecta combinación de naturaleza y comodidad.",
      "amenidades": ["Piscina infinity", "Mirador", "Seguridad 24/7", "Acceso a senderos", "WiFi de alta velocidad"]
    }
  ]
}